State,Theatre_ID,Date,Show_Time,Movie_Genre,Movie_Type,Ticket_Price_INR,Seats_Available,Seats_Occupied,Queue_Time_Minutes,Snack_Purchased,Snack_Spend_INR,Customer_Type,Weather,Day_Type,Total_Seats,Ticket_Price_Range,Quarter,Total_Revenue,Occupancy_Rate,Revenue_per_Seat,Occupancy_Level,Snack_Multiplier
Telangana,13.0,2024-01-01,Morning,Action,Non-Blockbuster,150.0,80.0,180.0,15.0,No,400.0,Individual,Rainy,Weekday,260.0,Low (0-150),2024Q1,27000.0,0.6923076923076923,103.84615384615384,Medium (Occupancy),2.6666666666666665
Tamil Nadu,80.0,2024-01-02,Morning,Action,Blockbuster,150.0,200.0,100.0,5.0,No,120.0,Family,Hot,Weekend,300.0,Low (0-150),2024Q1,15000.0,0.3333333333333333,50.0,Low (Occupancy),0.8
West Bengal,56.0,2024-01-03,Morning,Thriller,Non-Blockbuster,180.0,150.0,180.0,5.0,No,250.0,Family,Rainy,Weekday,330.0,Medium (150-220),2024Q1,32400.0,0.5454545454545454,98.18181818181819,Medium (Occupancy),1.3888888888888888
Telangana,92.0,2024-01-04,Morning,Comedy,Blockbuster,202.3783783783784,150.0,128.51351351351352,5.0,Yes,250.0,Family,Hot,Weekday,278.51351351351354,Medium (150-220),2024Q1,26008.356464572684,0.46142649199417757,93.38274519060545,Medium (Occupancy),1.235309829059829
Karnataka,12.0,2024-01-05,Morning,Action,Blockbuster,150.0,200.0,128.51351351351352,5.0,No,250.0,Family,Normal,Weekday,328.51351351351354,Low (0-150),2024Q1,19277.027027027027,0.3911970382558618,58.679555738379264,Low (Occupancy),1.6666666666666667
Telangana,37.0,2024-01-06,Afternoon,Romance,Non-Blockbuster,202.3783783783784,141.70103092783506,260.0,2.0,No,120.0,Family,Hot,Weekday,401.70103092783506,Medium (150-220),2024Q1,52618.37837837838,0.6472475298344668,130.98890549731047,Medium (Occupancy),0.592948717948718
Tamil Nadu,15.0,2024-01-07,Night,Comedy,Blockbuster,202.3783783783784,200.0,100.0,15.0,No,400.0,Individual,Hot,Weekend,300.0,Medium (150-220),2024Q1,20237.83783783784,0.3333333333333333,67.45945945945947,Low (Occupancy),1.9764957264957264
Delhi,11.0,2024-01-08,Night,Thriller,Blockbuster,180.0,150.0,60.0,5.0,Yes,400.0,Individual,Hot,Weekday,210.0,Medium (150-220),2024Q1,10800.0,0.2857142857142857,51.42857142857143,Low (Occupancy),2.2222222222222223
Tamil Nadu,59.0,2024-01-09,Evening,Action,Blockbuster,202.3783783783784,200.0,180.0,8.315,No,400.0,Family,Hot,Weekend,380.0,Medium (150-220),2024Q1,36428.10810810811,0.47368421052631576,95.86344238975818,Medium (Occupancy),1.9764957264957264
Delhi,41.0,2024-01-10,Afternoon,Action,Blockbuster,202.3783783783784,80.0,100.0,15.0,No,120.0,Family,Hot,Weekday,180.0,Medium (150-220),2024Q1,20237.83783783784,0.5555555555555556,112.43243243243245,Medium (Occupancy),0.592948717948718
Telangana,36.0,2024-01-11,Afternoon,Romance,Blockbuster,300.0,141.70103092783506,128.51351351351352,15.0,Yes,247.02702702702703,Individual,Hot,Weekend,270.2145444413486,High (220+),2024Q1,38554.05405405405,0.4755980614559702,142.67941843679105,Medium (Occupancy),0.8234234234234235
Rajasthan,32.0,2024-01-12,Afternoon,Drama,Non-Blockbuster,250.0,200.0,30.0,8.315,Yes,250.0,Family,Hot,Weekend,230.0,High (220+),2024Q1,7500.0,0.13043478260869565,32.608695652173914,Low (Occupancy),1.0
Andhra Pradesh,4.0,2024-01-13,Afternoon,Comedy,Blockbuster,202.3783783783784,141.70103092783506,60.0,8.315,No,250.0,Family,Hot,Weekday,201.70103092783506,Medium (150-220),2024Q1,12142.702702702703,0.29746997188857655,60.201490527071925,Low (Occupancy),1.235309829059829
Andhra Pradesh,93.0,2024-01-14,Afternoon,Comedy,Blockbuster,202.3783783783784,141.70103092783506,260.0,15.0,No,247.02702702702703,Individual,Hot,Weekend,401.70103092783506,Medium (150-220),2024Q1,52618.37837837838,0.6472475298344668,130.98890549731047,Medium (Occupancy),1.220619658119658
Kerala,57.0,2024-01-15,Morning,Action,Blockbuster,202.3783783783784,141.70103092783506,30.0,15.0,No,250.0,Individual,Rainy,Weekend,171.70103092783506,Medium (150-220),2024Q1,6071.351351351352,0.17472230561392973,35.36001687667854,Low (Occupancy),1.235309829059829
Rajasthan,13.0,2024-01-16,Afternoon,Action,Blockbuster,202.3783783783784,150.0,30.0,8.315,No,400.0,Individual,Rainy,Weekend,180.0,Medium (150-220),2024Q1,6071.351351351352,0.16666666666666666,33.72972972972973,Low (Occupancy),1.9764957264957264
West Bengal,53.0,2024-01-17,Morning,Action,Non-Blockbuster,202.3783783783784,141.70103092783506,60.0,2.0,Yes,120.0,Family,Hot,Weekday,201.70103092783506,Medium (150-220),2024Q1,12142.702702702703,0.29746997188857655,60.201490527071925,Low (Occupancy),0.592948717948718
West Bengal,62.0,2024-01-18,Morning,Drama,Blockbuster,202.3783783783784,120.0,128.51351351351352,10.0,No,247.02702702702703,Family,Hot,Weekday,248.51351351351352,Medium (150-220),2024Q1,26008.356464572684,0.5171288743882545,104.65570301133108,Medium (Occupancy),1.220619658119658
West Bengal,60.0,2024-01-19,Night,Thriller,Blockbuster,180.0,141.70103092783506,100.0,15.0,No,250.0,Family,Rainy,Weekday,241.70103092783506,Medium (150-220),2024Q1,18000.0,0.4137342716997227,74.4721689059501,Medium (Occupancy),1.3888888888888888
Maharashtra,13.0,2024-01-20,Morning,Action,Non-Blockbuster,300.0,141.70103092783506,260.0,10.0,Yes,247.02702702702703,Family,Rainy,Weekend,401.70103092783506,High (220+),2024Q1,78000.0,0.6472475298344668,194.17425895034003,Medium (Occupancy),0.8234234234234235
Maharashtra,25.0,2024-01-21,Evening,Romance,Blockbuster,300.0,141.70103092783506,100.0,10.0,Yes,247.02702702702703,Family,Hot,Weekday,241.70103092783506,High (220+),2024Q1,30000.0,0.4137342716997227,124.12028150991682,Medium (Occupancy),0.8234234234234235
West Bengal,31.0,2024-01-22,Night,Action,Blockbuster,180.0,141.70103092783506,128.51351351351352,8.315,Yes,120.0,Family,Hot,Weekend,270.2145444413486,Medium (150-220),2024Q1,23132.432432432433,0.4755980614559702,85.60765106207465,Medium (Occupancy),0.6666666666666666
Karnataka,9.0,2024-01-23,Morning,Comedy,Blockbuster,202.3783783783784,120.0,100.0,8.315,Yes,250.0,Individual,Hot,Weekday,220.0,Medium (150-220),2024Q1,20237.83783783784,0.45454545454545453,91.990171990172,Medium (Occupancy),1.235309829059829
Gujarat,67.0,2024-01-24,Morning,Comedy,Blockbuster,120.0,200.0,60.0,5.0,Yes,400.0,Family,Normal,Weekday,260.0,Low (0-150),2024Q1,7200.0,0.23076923076923078,27.692307692307693,Low (Occupancy),3.3333333333333335
Rajasthan,85.0,2024-01-25,Evening,Romance,Blockbuster,202.3783783783784,141.70103092783506,180.0,15.0,Yes,247.02702702702703,Family,Hot,Weekday,321.70103092783506,Medium (150-220),2024Q1,36428.10810810811,0.5595257170325268,113.23590727404218,Medium (Occupancy),1.220619658119658
Gujarat,98.0,2024-01-26,Evening,Action,Non-Blockbuster,202.3783783783784,150.0,180.0,8.315,No,250.0,Family,Hot,Weekday,330.0,Medium (150-220),2024Q1,36428.10810810811,0.5454545454545454,110.38820638820638,Medium (Occupancy),1.235309829059829
Kerala,79.0,2024-01-27,Night,Thriller,Non-Blockbuster,120.0,200.0,260.0,8.315,No,250.0,Individual,Hot,Weekday,460.0,Low (0-150),2024Q1,31200.0,0.5652173913043478,67.82608695652173,Medium (Occupancy),2.0833333333333335
Andhra Pradesh,24.0,2024-01-28,Evening,Comedy,Blockbuster,250.0,150.0,128.51351351351352,2.0,Yes,120.0,Family,Hot,Weekday,278.51351351351354,High (220+),2024Q1,32128.37837837838,0.46142649199417757,115.3566229985444,Medium (Occupancy),0.48
Tamil Nadu,81.0,2024-01-29,Morning,Drama,Non-Blockbuster,202.3783783783784,80.0,128.51351351351352,8.315,No,247.02702702702703,Individual,Hot,Weekend,208.51351351351352,Medium (150-220),2024Q1,26008.356464572684,0.6163318211276734,124.73223450281131,Medium (Occupancy),1.220619658119658
Karnataka,53.0,2024-01-30,Night,Thriller,Blockbuster,180.0,200.0,180.0,5.0,Yes,400.0,Individual,Normal,Weekend,380.0,Medium (150-220),2024Q1,32400.0,0.47368421052631576,85.26315789473684,Medium (Occupancy),2.2222222222222223
Tamil Nadu,37.0,2024-01-31,Evening,Drama,Blockbuster,120.0,141.70103092783506,128.51351351351352,8.315,No,247.02702702702703,Individual,Hot,Weekend,270.2145444413486,Low (0-150),2024Q1,15421.621621621622,0.4755980614559702,57.07176737471643,Medium (Occupancy),2.0585585585585586
Maharashtra,84.0,2024-02-01,Night,Action,Non-Blockbuster,202.3783783783784,150.0,60.0,5.0,Yes,247.02702702702703,Individual,Normal,Weekday,210.0,Medium (150-220),2024Q1,12142.702702702703,0.2857142857142857,57.82239382239383,Low (Occupancy),1.220619658119658
Kerala,92.0,2024-02-02,Evening,Romance,Non-Blockbuster,120.0,120.0,60.0,10.0,Yes,250.0,Family,Normal,Weekday,180.0,Low (0-150),2024Q1,7200.0,0.3333333333333333,40.0,Low (Occupancy),2.0833333333333335
Karnataka,34.0,2024-02-03,Night,Action,Blockbuster,150.0,150.0,100.0,8.315,No,120.0,Family,Hot,Weekday,250.0,Low (0-150),2024Q1,15000.0,0.4,60.0,Low (Occupancy),0.8
Gujarat,12.0,2024-02-04,Evening,Drama,Blockbuster,202.3783783783784,80.0,260.0,8.315,No,247.02702702702703,Family,Hot,Weekday,340.0,Medium (150-220),2024Q1,52618.37837837838,0.7647058823529411,154.75993640699522,High (Occupancy),1.220619658119658
West Bengal,55.0,2024-02-05,Morning,Thriller,Non-Blockbuster,250.0,200.0,128.51351351351352,8.315,Yes,247.02702702702703,Family,Hot,Weekday,328.51351351351354,High (220+),2024Q1,32128.37837837838,0.3911970382558618,97.79925956396545,Low (Occupancy),0.9881081081081081
Gujarat,41.0,2024-02-06,Morning,Romance,Blockbuster,202.3783783783784,80.0,180.0,8.315,No,247.02702702702703,Family,Hot,Weekday,260.0,Medium (150-220),2024Q1,36428.10810810811,0.6923076923076923,140.1081081081081,Medium (Occupancy),1.220619658119658
Karnataka,38.0,2024-02-07,Evening,Action,Blockbuster,300.0,120.0,100.0,10.0,Yes,400.0,Family,Hot,Weekend,220.0,High (220+),2024Q1,30000.0,0.45454545454545453,136.36363636363637,Medium (Occupancy),1.3333333333333333
Delhi,25.0,2024-02-08,Morning,Action,Blockbuster,202.3783783783784,141.70103092783506,128.51351351351352,15.0,No,247.02702702702703,Family,Hot,Weekend,270.2145444413486,Medium (150-220),2024Q1,26008.356464572684,0.4755980614559702,96.2507644373596,Medium (Occupancy),1.220619658119658
Delhi,11.0,2024-02-09,Evening,Comedy,Blockbuster,250.0,150.0,100.0,15.0,No,400.0,Family,Normal,Weekday,250.0,High (220+),2024Q1,25000.0,0.4,100.0,Low (Occupancy),1.6
Maharashtra,29.0,2024-02-10,Morning,Thriller,Non-Blockbuster,202.3783783783784,141.70103092783506,128.51351351351352,10.0,No,120.0,Individual,Hot,Weekend,270.2145444413486,Medium (150-220),2024Q1,26008.356464572684,0.4755980614559702,96.2507644373596,Medium (Occupancy),0.592948717948718
Maharashtra,41.0,2024-02-11,Afternoon,Action,Blockbuster,202.3783783783784,141.70103092783506,180.0,8.315,No,247.02702702702703,Family,Hot,Weekday,321.70103092783506,Medium (150-220),2024Q1,36428.10810810811,0.5595257170325268,113.23590727404218,Medium (Occupancy),1.220619658119658
Gujarat,57.0,2024-02-12,Afternoon,Comedy,Blockbuster,202.3783783783784,200.0,60.0,8.315,No,247.02702702702703,Individual,Hot,Weekday,260.0,Medium (150-220),2024Q1,12142.702702702703,0.23076923076923078,46.70270270270271,Low (Occupancy),1.220619658119658
Delhi,50.0,2024-02-13,Night,Action,Blockbuster,250.0,150.0,60.0,2.0,Yes,247.02702702702703,Individual,Rainy,Weekday,210.0,High (220+),2024Q1,15000.0,0.2857142857142857,71.42857142857143,Low (Occupancy),0.9881081081081081
Rajasthan,52.0,2024-02-14,Night,Drama,Blockbuster,202.3783783783784,141.70103092783506,128.51351351351352,10.0,No,120.0,Individual,Hot,Weekday,270.2145444413486,Medium (150-220),2024Q1,26008.356464572684,0.4755980614559702,96.2507644373596,Medium (Occupancy),0.592948717948718
Kerala,40.0,2024-02-15,Afternoon,Thriller,Non-Blockbuster,150.0,150.0,60.0,5.0,No,247.02702702702703,Family,Hot,Weekday,210.0,Low (0-150),2024Q1,9000.0,0.2857142857142857,42.857142857142854,Low (Occupancy),1.646846846846847
Gujarat,52.0,2024-02-16,Morning,Thriller,Non-Blockbuster,202.3783783783784,120.0,60.0,10.0,No,250.0,Family,Hot,Weekday,180.0,Medium (150-220),2024Q1,12142.702702702703,0.3333333333333333,67.45945945945947,Low (Occupancy),1.235309829059829
Rajasthan,80.0,2024-02-17,Night,Action,Non-Blockbuster,300.0,80.0,60.0,15.0,No,247.02702702702703,Individual,Hot,Weekend,140.0,High (220+),2024Q1,18000.0,0.42857142857142855,128.57142857142858,Medium (Occupancy),0.8234234234234235
Gujarat,51.0,2024-02-18,Night,Comedy,Blockbuster,180.0,150.0,128.51351351351352,2.0,Yes,247.02702702702703,Family,Hot,Weekday,278.51351351351354,Medium (150-220),2024Q1,23132.432432432433,0.46142649199417757,83.05676855895196,Medium (Occupancy),1.3723723723723724
Rajasthan,65.0,2024-02-19,Evening,Romance,Blockbuster,150.0,150.0,30.0,10.0,Yes,247.02702702702703,Family,Normal,Weekday,180.0,Low (0-150),2024Q1,4500.0,0.16666666666666666,25.0,Low (Occupancy),1.646846846846847
West Bengal,51.0,2024-02-20,Evening,Action,Blockbuster,300.0,150.0,100.0,15.0,Yes,247.02702702702703,Family,Normal,Weekday,250.0,High (220+),2024Q1,30000.0,0.4,120.0,Low (Occupancy),0.8234234234234235
Maharashtra,24.0,2024-02-21,Afternoon,Romance,Blockbuster,202.3783783783784,80.0,260.0,8.315,No,250.0,Family,Hot,Weekday,340.0,Medium (150-220),2024Q1,52618.37837837838,0.7647058823529411,154.75993640699522,High (Occupancy),1.235309829059829
Tamil Nadu,36.0,2024-02-22,Night,Thriller,Blockbuster,250.0,80.0,128.51351351351352,2.0,No,247.02702702702703,Family,Hot,Weekend,208.51351351351352,High (220+),2024Q1,32128.37837837838,0.6163318211276734,154.08295528191834,Medium (Occupancy),0.9881081081081081
Gujarat,8.0,2024-02-23,Afternoon,Romance,Blockbuster,150.0,120.0,128.51351351351352,15.0,No,400.0,Family,Hot,Weekend,248.51351351351352,Low (0-150),2024Q1,19277.027027027027,0.5171288743882545,77.56933115823817,Medium (Occupancy),2.6666666666666665
Andhra Pradesh,45.0,2024-02-24,Afternoon,Comedy,Non-Blockbuster,120.0,120.0,100.0,10.0,Yes,120.0,Family,Hot,Weekday,220.0,Low (0-150),2024Q1,12000.0,0.45454545454545453,54.54545454545455,Medium (Occupancy),1.0
Maharashtra,13.0,2024-02-25,Morning,Romance,Non-Blockbuster,202.3783783783784,200.0,128.51351351351352,8.315,Yes,247.02702702702703,Family,Rainy,Weekday,328.51351351351354,Medium (150-220),2024Q1,26008.356464572684,0.3911970382558618,79.16982222864576,Low (Occupancy),1.220619658119658
Karnataka,37.0,2024-02-26,Evening,Romance,Non-Blockbuster,202.3783783783784,141.70103092783506,128.51351351351352,10.0,No,250.0,Individual,Hot,Weekday,270.2145444413486,Medium (150-220),2024Q1,26008.356464572684,0.4755980614559702,96.2507644373596,Medium (Occupancy),1.235309829059829
Delhi,28.0,2024-02-27,Morning,Action,Blockbuster,250.0,120.0,100.0,5.0,No,400.0,Family,Hot,Weekday,220.0,High (220+),2024Q1,25000.0,0.45454545454545453,113.63636363636364,Medium (Occupancy),1.6
Rajasthan,18.0,2024-02-28,Evening,Thriller,Blockbuster,300.0,150.0,100.0,5.0,Yes,247.02702702702703,Individual,Hot,Weekday,250.0,High (220+),2024Q1,30000.0,0.4,120.0,Low (Occupancy),0.8234234234234235
Tamil Nadu,94.0,2024-02-29,Morning,Action,Non-Blockbuster,120.0,200.0,100.0,5.0,No,250.0,Family,Hot,Weekday,300.0,Low (0-150),2024Q1,12000.0,0.3333333333333333,40.0,Low (Occupancy),2.0833333333333335
Gujarat,85.0,2024-03-01,Evening,Action,Blockbuster,202.3783783783784,120.0,128.51351351351352,8.315,Yes,247.02702702702703,Family,Hot,Weekend,248.51351351351352,Medium (150-220),2024Q1,26008.356464572684,0.5171288743882545,104.65570301133108,Medium (Occupancy),1.220619658119658
Gujarat,89.0,2024-03-02,Morning,Comedy,Non-Blockbuster,202.3783783783784,141.70103092783506,60.0,10.0,No,400.0,Individual,Rainy,Weekday,201.70103092783506,Medium (150-220),2024Q1,12142.702702702703,0.29746997188857655,60.201490527071925,Low (Occupancy),1.9764957264957264
West Bengal,87.0,2024-03-03,Night,Action,Non-Blockbuster,120.0,141.70103092783506,30.0,15.0,No,247.02702702702703,Individual,Hot,Weekend,171.70103092783506,Low (0-150),2024Q1,3600.0,0.17472230561392973,20.966676673671568,Low (Occupancy),2.0585585585585586
Karnataka,8.0,2024-03-04,Morning,Action,Non-Blockbuster,300.0,200.0,260.0,5.0,No,120.0,Family,Hot,Weekend,460.0,High (220+),2024Q1,78000.0,0.5652173913043478,169.56521739130434,Medium (Occupancy),0.4
Gujarat,41.0,2024-03-05,Morning,Romance,Non-Blockbuster,300.0,200.0,30.0,8.315,Yes,250.0,Family,Hot,Weekday,230.0,High (220+),2024Q1,9000.0,0.13043478260869565,39.130434782608695,Low (Occupancy),0.8333333333333334
Maharashtra,84.0,2024-03-06,Evening,Action,Blockbuster,202.3783783783784,141.70103092783506,128.51351351351352,15.0,No,400.0,Family,Rainy,Weekday,270.2145444413486,Medium (150-220),2024Q1,26008.356464572684,0.4755980614559702,96.2507644373596,Medium (Occupancy),1.9764957264957264
West Bengal,50.0,2024-03-07,Evening,Thriller,Blockbuster,202.3783783783784,150.0,100.0,10.0,No,247.02702702702703,Individual,Hot,Weekend,250.0,Medium (150-220),2024Q1,20237.83783783784,0.4,80.95135135135136,Low (Occupancy),1.220619658119658
Maharashtra,33.0,2024-03-08,Morning,Comedy,Blockbuster,300.0,200.0,260.0,2.0,No,247.02702702702703,Individual,Hot,Weekend,460.0,High (220+),2024Q1,78000.0,0.5652173913043478,169.56521739130434,Medium (Occupancy),0.8234234234234235
Rajasthan,67.0,2024-03-09,Evening,Romance,Blockbuster,300.0,120.0,128.51351351351352,8.315,Yes,247.02702702702703,Family,Hot,Weekday,248.51351351351352,High (220+),2024Q1,38554.05405405405,0.5171288743882545,155.13866231647634,Medium (Occupancy),0.8234234234234235
West Bengal,92.0,2024-03-10,Morning,Drama,Blockbuster,202.3783783783784,200.0,128.51351351351352,15.0,No,400.0,Individual,Normal,Weekday,328.51351351351354,Medium (150-220),2024Q1,26008.356464572684,0.3911970382558618,79.16982222864576,Low (Occupancy),1.9764957264957264
Andhra Pradesh,66.0,2024-03-11,Morning,Action,Non-Blockbuster,120.0,200.0,260.0,8.315,No,120.0,Individual,Normal,Weekday,460.0,Low (0-150),2024Q1,31200.0,0.5652173913043478,67.82608695652173,Medium (Occupancy),1.0
Andhra Pradesh,23.0,2024-03-12,Night,Action,Blockbuster,120.0,150.0,180.0,2.0,No,247.02702702702703,Family,Hot,Weekend,330.0,Low (0-150),2024Q1,21600.0,0.5454545454545454,65.45454545454545,Medium (Occupancy),2.0585585585585586
Gujarat,46.0,2024-03-13,Afternoon,Drama,Blockbuster,150.0,141.70103092783506,180.0,8.315,Yes,250.0,Family,Hot,Weekend,321.70103092783506,Low (0-150),2024Q1,27000.0,0.5595257170325268,83.92885755487902,Medium (Occupancy),1.6666666666666667
Tamil Nadu,83.0,2024-03-14,Morning,Comedy,Blockbuster,250.0,141.70103092783506,128.51351351351352,2.0,No,400.0,Individual,Rainy,Weekend,270.2145444413486,High (220+),2024Q1,32128.37837837838,0.4755980614559702,118.89951536399256,Medium (Occupancy),1.6
Maharashtra,56.0,2024-03-15,Morning,Romance,Non-Blockbuster,180.0,141.70103092783506,180.0,8.315,No,247.02702702702703,Family,Normal,Weekend,321.70103092783506,Medium (150-220),2024Q1,32400.0,0.5595257170325268,100.71462906585482,Medium (Occupancy),1.3723723723723724
Telangana,72.0,2024-03-16,Night,Comedy,Blockbuster,120.0,80.0,260.0,10.0,No,247.02702702702703,Individual,Hot,Weekday,340.0,Low (0-150),2024Q1,31200.0,0.7647058823529411,91.76470588235294,High (Occupancy),2.0585585585585586
Delhi,9.0,2024-03-17,Morning,Comedy,Non-Blockbuster,250.0,141.70103092783506,30.0,8.315,No,247.02702702702703,Family,Rainy,Weekday,171.70103092783506,High (220+),2024Q1,7500.0,0.17472230561392973,43.68057640348243,Low (Occupancy),0.9881081081081081
Gujarat,44.0,2024-03-18,Morning,Comedy,Blockbuster,300.0,80.0,260.0,2.0,Yes,120.0,Individual,Hot,Weekday,340.0,High (220+),2024Q1,78000.0,0.7647058823529411,229.41176470588235,High (Occupancy),0.4
Rajasthan,38.0,2024-03-19,Morning,Action,Blockbuster,202.3783783783784,200.0,60.0,8.315,No,247.02702702702703,Family,Hot,Weekday,260.0,Medium (150-220),2024Q1,12142.702702702703,0.23076923076923078,46.70270270270271,Low (Occupancy),1.220619658119658
Karnataka,39.0,2024-03-20,Evening,Action,Blockbuster,202.3783783783784,141.70103092783506,128.51351351351352,5.0,No,120.0,Family,Hot,Weekend,270.2145444413486,Medium (150-220),2024Q1,26008.356464572684,0.4755980614559702,96.2507644373596,Medium (Occupancy),0.592948717948718
Rajasthan,56.0,2024-03-21,Morning,Romance,Non-Blockbuster,180.0,141.70103092783506,30.0,8.315,No,120.0,Family,Normal,Weekend,171.70103092783506,Medium (150-220),2024Q1,5400.0,0.17472230561392973,31.450015010507354,Low (Occupancy),0.6666666666666666
Andhra Pradesh,34.0,2024-03-22,Morning,Action,Blockbuster,202.3783783783784,141.70103092783506,128.51351351351352,5.0,No,250.0,Family,Normal,Weekday,270.2145444413486,Medium (150-220),2024Q1,26008.356464572684,0.4755980614559702,96.2507644373596,Medium (Occupancy),1.235309829059829
Tamil Nadu,8.0,2024-03-23,Morning,Drama,Blockbuster,202.3783783783784,80.0,260.0,5.0,No,247.02702702702703,Family,Normal,Weekday,340.0,Medium (150-220),2024Q1,52618.37837837838,0.7647058823529411,154.75993640699522,High (Occupancy),1.220619658119658
Maharashtra,15.0,2024-03-24,Afternoon,Action,Blockbuster,120.0,120.0,60.0,8.315,Yes,120.0,Family,Hot,Weekday,180.0,Low (0-150),2024Q1,7200.0,0.3333333333333333,40.0,Low (Occupancy),1.0
Delhi,55.0,2024-03-25,Morning,Thriller,Blockbuster,202.3783783783784,150.0,128.51351351351352,8.315,No,247.02702702702703,Family,Hot,Weekday,278.51351351351354,Medium (150-220),2024Q1,26008.356464572684,0.46142649199417757,93.38274519060545,Medium (Occupancy),1.220619658119658
Kerala,62.0,2024-03-26,Evening,Romance,Non-Blockbuster,150.0,150.0,180.0,15.0,No,247.02702702702703,Family,Rainy,Weekday,330.0,Low (0-150),2024Q1,27000.0,0.5454545454545454,81.81818181818181,Medium (Occupancy),1.646846846846847
Kerala,78.0,2024-03-27,Morning,Drama,Blockbuster,202.3783783783784,141.70103092783506,128.51351351351352,15.0,No,120.0,Family,Hot,Weekend,270.2145444413486,Medium (150-220),2024Q1,26008.356464572684,0.4755980614559702,96.2507644373596,Medium (Occupancy),0.592948717948718
Kerala,56.0,2024-03-28,Evening,Romance,Non-Blockbuster,250.0,150.0,100.0,15.0,No,247.02702702702703,Family,Hot,Weekday,250.0,High (220+),2024Q1,25000.0,0.4,100.0,Low (Occupancy),0.9881081081081081
Rajasthan,65.0,2024-03-29,Afternoon,Action,Blockbuster,202.3783783783784,120.0,100.0,10.0,Yes,247.02702702702703,Individual,Rainy,Weekday,220.0,Medium (150-220),2024Q1,20237.83783783784,0.45454545454545453,91.990171990172,Medium (Occupancy),1.220619658119658
Karnataka,14.0,2024-03-30,Afternoon,Action,Blockbuster,150.0,141.70103092783506,30.0,15.0,Yes,120.0,Family,Hot,Weekday,171.70103092783506,Low (0-150),2024Q1,4500.0,0.17472230561392973,26.20834584208946,Low (Occupancy),0.8
Karnataka,40.0,2024-03-31,Afternoon,Action,Non-Blockbuster,120.0,80.0,100.0,5.0,No,247.02702702702703,Family,Rainy,Weekday,180.0,Low (0-150),2024Q1,12000.0,0.5555555555555556,66.66666666666667,Medium (Occupancy),2.0585585585585586
Gujarat,74.0,2024-04-01,Afternoon,Drama,Blockbuster,202.3783783783784,150.0,180.0,8.315,Yes,247.02702702702703,Family,Normal,Weekday,330.0,Medium (150-220),2024Q2,36428.10810810811,0.5454545454545454,110.38820638820638,Medium (Occupancy),1.220619658119658
Tamil Nadu,17.0,2024-04-02,Night,Romance,Non-Blockbuster,180.0,80.0,260.0,2.0,No,250.0,Individual,Rainy,Weekday,340.0,Medium (150-220),2024Q2,46800.0,0.7647058823529411,137.64705882352942,High (Occupancy),1.3888888888888888
West Bengal,78.0,2024-04-03,Morning,Drama,Non-Blockbuster,202.3783783783784,200.0,128.51351351351352,2.0,No,400.0,Family,Hot,Weekday,328.51351351351354,Medium (150-220),2024Q2,26008.356464572684,0.3911970382558618,79.16982222864576,Low (Occupancy),1.9764957264957264
Rajasthan,49.0,2024-04-04,Morning,Drama,Blockbuster,250.0,150.0,180.0,5.0,No,247.02702702702703,Family,Rainy,Weekday,330.0,High (220+),2024Q2,45000.0,0.5454545454545454,136.36363636363637,Medium (Occupancy),0.9881081081081081
Telangana,86.0,2024-04-05,Morning,Romance,Non-Blockbuster,250.0,80.0,30.0,8.315,No,250.0,Individual,Hot,Weekday,110.0,High (220+),2024Q2,7500.0,0.2727272727272727,68.18181818181819,Low (Occupancy),1.0
Gujarat,36.0,2024-04-06,Afternoon,Action,Blockbuster,202.3783783783784,141.70103092783506,260.0,15.0,No,247.02702702702703,Individual,Normal,Weekday,401.70103092783506,Medium (150-220),2024Q2,52618.37837837838,0.6472475298344668,130.98890549731047,Medium (Occupancy),1.220619658119658
Telangana,63.0,2024-04-07,Morning,Action,Blockbuster,250.0,120.0,128.51351351351352,8.315,Yes,247.02702702702703,Family,Normal,Weekend,248.51351351351352,High (220+),2024Q2,32128.37837837838,0.5171288743882545,129.28221859706363,Medium (Occupancy),0.9881081081081081
Kerala,31.0,2024-04-08,Afternoon,Romance,Blockbuster,300.0,141.70103092783506,30.0,8.315,Yes,247.02702702702703,Individual,Hot,Weekday,171.70103092783506,High (220+),2024Q2,9000.0,0.17472230561392973,52.41669168417892,Low (Occupancy),0.8234234234234235
Maharashtra,12.0,2024-04-09,Evening,Drama,Blockbuster,150.0,200.0,260.0,8.315,No,247.02702702702703,Individual,Rainy,Weekend,460.0,Low (0-150),2024Q2,39000.0,0.5652173913043478,84.78260869565217,Medium (Occupancy),1.646846846846847
West Bengal,43.0,2024-04-10,Morning,Romance,Blockbuster,250.0,80.0,30.0,8.315,Yes,120.0,Family,Normal,Weekday,110.0,High (220+),2024Q2,7500.0,0.2727272727272727,68.18181818181819,Low (Occupancy),0.48
Gujarat,18.0,2024-04-11,Night,Comedy,Blockbuster,202.3783783783784,80.0,128.51351351351352,8.315,No,247.02702702702703,Individual,Normal,Weekday,208.51351351351352,Medium (150-220),2024Q2,26008.356464572684,0.6163318211276734,124.73223450281131,Medium (Occupancy),1.220619658119658
Telangana,65.0,2024-04-12,Night,Action,Non-Blockbuster,202.3783783783784,141.70103092783506,60.0,2.0,Yes,247.02702702702703,Family,Normal,Weekday,201.70103092783506,Medium (150-220),2024Q2,12142.702702702703,0.29746997188857655,60.201490527071925,Low (Occupancy),1.220619658119658
Telangana,35.0,2024-04-13,Afternoon,Action,Blockbuster,202.3783783783784,200.0,128.51351351351352,8.315,No,247.02702702702703,Individual,Rainy,Weekday,328.51351351351354,Medium (150-220),2024Q2,26008.356464572684,0.3911970382558618,79.16982222864576,Low (Occupancy),1.220619658119658
Delhi,30.0,2024-04-14,Evening,Action,Blockbuster,202.3783783783784,150.0,180.0,5.0,No,247.02702702702703,Individual,Normal,Weekday,330.0,Medium (150-220),2024Q2,36428.10810810811,0.5454545454545454,110.38820638820638,Medium (Occupancy),1.220619658119658
West Bengal,71.0,2024-04-15,Evening,Action,Blockbuster,250.0,141.70103092783506,260.0,8.315,Yes,247.02702702702703,Individual,Hot,Weekday,401.70103092783506,High (220+),2024Q2,65000.0,0.6472475298344668,161.8118824586167,Medium (Occupancy),0.9881081081081081
Andhra Pradesh,48.0,2024-04-16,Morning,Comedy,Blockbuster,300.0,141.70103092783506,60.0,8.315,Yes,120.0,Individual,Normal,Weekend,201.70103092783506,High (220+),2024Q2,18000.0,0.29746997188857655,89.24099156657296,Low (Occupancy),0.4
Delhi,87.0,2024-04-17,Afternoon,Action,Blockbuster,202.3783783783784,141.70103092783506,128.51351351351352,8.315,No,247.02702702702703,Individual,Hot,Weekday,270.2145444413486,Medium (150-220),2024Q2,26008.356464572684,0.4755980614559702,96.2507644373596,Medium (Occupancy),1.220619658119658
Andhra Pradesh,14.0,2024-04-18,Night,Comedy,Blockbuster,150.0,120.0,100.0,10.0,No,247.02702702702703,Individual,Hot,Weekday,220.0,Low (0-150),2024Q2,15000.0,0.45454545454545453,68.18181818181819,Medium (Occupancy),1.646846846846847
Maharashtra,1.0,2024-04-19,Morning,Thriller,Blockbuster,202.3783783783784,150.0,128.51351351351352,2.0,Yes,247.02702702702703,Family,Hot,Weekday,278.51351351351354,Medium (150-220),2024Q2,26008.356464572684,0.46142649199417757,93.38274519060545,Medium (Occupancy),1.220619658119658
West Bengal,1.0,2024-04-20,Morning,Action,Non-Blockbuster,150.0,200.0,260.0,8.315,Yes,120.0,Family,Normal,Weekend,460.0,Low (0-150),2024Q2,39000.0,0.5652173913043478,84.78260869565217,Medium (Occupancy),0.8
Gujarat,79.0,2024-04-21,Afternoon,Action,Non-Blockbuster,202.3783783783784,141.70103092783506,128.51351351351352,5.0,Yes,250.0,Family,Hot,Weekday,270.2145444413486,Medium (150-220),2024Q2,26008.356464572684,0.4755980614559702,96.2507644373596,Medium (Occupancy),1.235309829059829
West Bengal,87.0,2024-04-22,Evening,Romance,Blockbuster,180.0,141.70103092783506,260.0,10.0,No,120.0,Family,Hot,Weekend,401.70103092783506,Medium (150-220),2024Q2,46800.0,0.6472475298344668,116.50455537020403,Medium (Occupancy),0.6666666666666666
Maharashtra,8.0,2024-04-23,Evening,Romance,Blockbuster,250.0,80.0,100.0,15.0,No,250.0,Family,Hot,Weekend,180.0,High (220+),2024Q2,25000.0,0.5555555555555556,138.88888888888889,Medium (Occupancy),1.0
Rajasthan,74.0,2024-04-24,Morning,Comedy,Non-Blockbuster,150.0,150.0,128.51351351351352,8.315,No,400.0,Family,Normal,Weekend,278.51351351351354,Low (0-150),2024Q2,19277.027027027027,0.46142649199417757,69.21397379912663,Medium (Occupancy),2.6666666666666665
West Bengal,96.0,2024-04-25,Morning,Thriller,Blockbuster,202.3783783783784,200.0,128.51351351351352,10.0,No,400.0,Family,Normal,Weekday,328.51351351351354,Medium (150-220),2024Q2,26008.356464572684,0.3911970382558618,79.16982222864576,Low (Occupancy),1.9764957264957264
Telangana,69.0,2024-04-26,Morning,Action,Blockbuster,202.3783783783784,150.0,128.51351351351352,2.0,Yes,120.0,Family,Rainy,Weekday,278.51351351351354,Medium (150-220),2024Q2,26008.356464572684,0.46142649199417757,93.38274519060545,Medium (Occupancy),0.592948717948718
West Bengal,62.0,2024-04-27,Morning,Drama,Blockbuster,250.0,141.70103092783506,180.0,10.0,No,250.0,Individual,Hot,Weekend,321.70103092783506,High (220+),2024Q2,45000.0,0.5595257170325268,139.8814292581317,Medium (Occupancy),1.0
Delhi,35.0,2024-04-28,Morning,Romance,Blockbuster,202.3783783783784,150.0,30.0,8.315,No,250.0,Family,Normal,Weekend,180.0,Medium (150-220),2024Q2,6071.351351351352,0.16666666666666666,33.72972972972973,Low (Occupancy),1.235309829059829
Kerala,31.0,2024-04-29,Night,Action,Blockbuster,150.0,200.0,128.51351351351352,5.0,Yes,247.02702702702703,Individual,Hot,Weekday,328.51351351351354,Low (0-150),2024Q2,19277.027027027027,0.3911970382558618,58.679555738379264,Low (Occupancy),1.646846846846847
Maharashtra,91.0,2024-04-30,Morning,Comedy,Blockbuster,300.0,80.0,180.0,8.315,Yes,247.02702702702703,Individual,Hot,Weekday,260.0,High (220+),2024Q2,54000.0,0.6923076923076923,207.69230769230768,Medium (Occupancy),0.8234234234234235
Tamil Nadu,83.0,2024-05-01,Night,Comedy,Blockbuster,202.3783783783784,141.70103092783506,60.0,15.0,Yes,120.0,Family,Rainy,Weekday,201.70103092783506,Medium (150-220),2024Q2,12142.702702702703,0.29746997188857655,60.201490527071925,Low (Occupancy),0.592948717948718
Karnataka,43.0,2024-05-02,Morning,Action,Non-Blockbuster,202.3783783783784,141.70103092783506,260.0,8.315,No,250.0,Family,Rainy,Weekend,401.70103092783506,Medium (150-220),2024Q2,52618.37837837838,0.6472475298344668,130.98890549731047,Medium (Occupancy),1.235309829059829
Gujarat,94.0,2024-05-03,Morning,Romance,Non-Blockbuster,300.0,200.0,128.51351351351352,15.0,Yes,247.02702702702703,Family,Normal,Weekday,328.51351351351354,High (220+),2024Q2,38554.05405405405,0.3911970382558618,117.35911147675853,Low (Occupancy),0.8234234234234235
West Bengal,41.0,2024-05-04,Night,Thriller,Blockbuster,120.0,200.0,128.51351351351352,2.0,No,120.0,Family,Normal,Weekday,328.51351351351354,Low (0-150),2024Q2,15421.621621621622,0.3911970382558618,46.94364459070341,Low (Occupancy),1.0
Andhra Pradesh,11.0,2024-05-05,Evening,Romance,Blockbuster,180.0,150.0,100.0,5.0,No,247.02702702702703,Family,Hot,Weekday,250.0,Medium (150-220),2024Q2,18000.0,0.4,72.0,Low (Occupancy),1.3723723723723724
Gujarat,21.0,2024-05-06,Afternoon,Action,Blockbuster,202.3783783783784,120.0,100.0,2.0,No,120.0,Family,Normal,Weekday,220.0,Medium (150-220),2024Q2,20237.83783783784,0.45454545454545453,91.990171990172,Medium (Occupancy),0.592948717948718
Gujarat,20.0,2024-05-07,Morning,Drama,Blockbuster,150.0,120.0,30.0,15.0,No,247.02702702702703,Family,Rainy,Weekday,150.0,Low (0-150),2024Q2,4500.0,0.2,30.0,Low (Occupancy),1.646846846846847
West Bengal,63.0,2024-05-08,Night,Thriller,Blockbuster,202.3783783783784,120.0,260.0,2.0,No,247.02702702702703,Family,Normal,Weekend,380.0,Medium (150-220),2024Q2,52618.37837837838,0.6842105263157895,138.46941678520628,Medium (Occupancy),1.220619658119658
Karnataka,16.0,2024-05-09,Morning,Drama,Blockbuster,120.0,120.0,100.0,8.315,Yes,247.02702702702703,Individual,Hot,Weekday,220.0,Low (0-150),2024Q2,12000.0,0.45454545454545453,54.54545454545455,Medium (Occupancy),2.0585585585585586
Tamil Nadu,2.0,2024-05-10,Afternoon,Drama,Blockbuster,180.0,120.0,260.0,2.0,Yes,120.0,Family,Rainy,Weekday,380.0,Medium (150-220),2024Q2,46800.0,0.6842105263157895,123.15789473684211,Medium (Occupancy),0.6666666666666666
Karnataka,49.0,2024-05-11,Evening,Action,Blockbuster,120.0,200.0,260.0,10.0,No,400.0,Individual,Rainy,Weekday,460.0,Low (0-150),2024Q2,31200.0,0.5652173913043478,67.82608695652173,Medium (Occupancy),3.3333333333333335
Rajasthan,34.0,2024-05-12,Morning,Action,Blockbuster,202.3783783783784,141.70103092783506,128.51351351351352,8.315,Yes,400.0,Family,Hot,Weekday,270.2145444413486,Medium (150-220),2024Q2,26008.356464572684,0.4755980614559702,96.2507644373596,Medium (Occupancy),1.9764957264957264
Rajasthan,88.0,2024-05-13,Evening,Action,Non-Blockbuster,150.0,141.70103092783506,30.0,2.0,Yes,400.0,Family,Hot,Weekday,171.70103092783506,Low (0-150),2024Q2,4500.0,0.17472230561392973,26.20834584208946,Low (Occupancy),2.6666666666666665
Delhi,79.0,2024-05-14,Afternoon,Drama,Blockbuster,202.3783783783784,141.70103092783506,60.0,15.0,No,247.02702702702703,Family,Hot,Weekday,201.70103092783506,Medium (150-220),2024Q2,12142.702702702703,0.29746997188857655,60.201490527071925,Low (Occupancy),1.220619658119658
Andhra Pradesh,77.0,2024-05-15,Morning,Romance,Blockbuster,202.3783783783784,80.0,30.0,10.0,No,250.0,Individual,Hot,Weekend,110.0,Medium (150-220),2024Q2,6071.351351351352,0.2727272727272727,55.1941031941032,Low (Occupancy),1.235309829059829
Andhra Pradesh,83.0,2024-05-16,Night,Action,Blockbuster,202.3783783783784,120.0,180.0,10.0,Yes,247.02702702702703,Family,Hot,Weekend,300.0,Medium (150-220),2024Q2,36428.10810810811,0.6,121.42702702702702,Medium (Occupancy),1.220619658119658
Tamil Nadu,62.0,2024-05-17,Evening,Thriller,Non-Blockbuster,180.0,120.0,128.51351351351352,10.0,No,247.02702702702703,Individual,Normal,Weekday,248.51351351351352,Medium (150-220),2024Q2,23132.432432432433,0.5171288743882545,93.08319738988581,Medium (Occupancy),1.3723723723723724
Andhra Pradesh,62.0,2024-05-18,Evening,Romance,Non-Blockbuster,300.0,200.0,60.0,8.315,Yes,120.0,Family,Hot,Weekday,260.0,High (220+),2024Q2,18000.0,0.23076923076923078,69.23076923076923,Low (Occupancy),0.4
Kerala,22.0,2024-05-19,Afternoon,Romance,Non-Blockbuster,150.0,150.0,100.0,2.0,No,400.0,Individual,Normal,Weekday,250.0,Low (0-150),2024Q2,15000.0,0.4,60.0,Low (Occupancy),2.6666666666666665
Karnataka,35.0,2024-05-20,Morning,Action,Blockbuster,150.0,120.0,60.0,8.315,No,400.0,Family,Hot,Weekend,180.0,Low (0-150),2024Q2,9000.0,0.3333333333333333,50.0,Low (Occupancy),2.6666666666666665
Andhra Pradesh,79.0,2024-05-21,Morning,Action,Non-Blockbuster,180.0,80.0,30.0,8.315,No,247.02702702702703,Family,Rainy,Weekend,110.0,Medium (150-220),2024Q2,5400.0,0.2727272727272727,49.09090909090909,Low (Occupancy),1.3723723723723724
Andhra Pradesh,48.0,2024-05-22,Morning,Thriller,Blockbuster,202.3783783783784,80.0,60.0,8.315,No,400.0,Family,Normal,Weekday,140.0,Medium (150-220),2024Q2,12142.702702702703,0.42857142857142855,86.73359073359075,Medium (Occupancy),1.9764957264957264
Tamil Nadu,38.0,2024-05-23,Afternoon,Comedy,Blockbuster,300.0,141.70103092783506,60.0,8.315,Yes,120.0,Family,Hot,Weekend,201.70103092783506,High (220+),2024Q2,18000.0,0.29746997188857655,89.24099156657296,Low (Occupancy),0.4
West Bengal,15.0,2024-05-24,Afternoon,Romance,Blockbuster,120.0,120.0,128.51351351351352,10.0,No,247.02702702702703,Family,Hot,Weekend,248.51351351351352,Low (0-150),2024Q2,15421.621621621622,0.5171288743882545,62.05546492659054,Medium (Occupancy),2.0585585585585586
Tamil Nadu,67.0,2024-05-25,Morning,Thriller,Blockbuster,150.0,141.70103092783506,100.0,8.315,No,247.02702702702703,Individual,Normal,Weekday,241.70103092783506,Low (0-150),2024Q2,15000.0,0.4137342716997227,62.06014075495841,Medium (Occupancy),1.646846846846847
Kerala,77.0,2024-05-26,Night,Action,Non-Blockbuster,120.0,141.70103092783506,260.0,10.0,No,250.0,Individual,Hot,Weekend,401.70103092783506,Low (0-150),2024Q2,31200.0,0.6472475298344668,77.66970358013602,Medium (Occupancy),2.0833333333333335
Tamil Nadu,40.0,2024-05-27,Evening,Action,Blockbuster,180.0,141.70103092783506,128.51351351351352,10.0,No,247.02702702702703,Family,Normal,Weekday,270.2145444413486,Medium (150-220),2024Q2,23132.432432432433,0.4755980614559702,85.60765106207465,Medium (Occupancy),1.3723723723723724
Telangana,96.0,2024-05-28,Night,Comedy,Blockbuster,150.0,120.0,60.0,15.0,Yes,250.0,Family,Hot,Weekday,180.0,Low (0-150),2024Q2,9000.0,0.3333333333333333,50.0,Low (Occupancy),1.6666666666666667
Telangana,64.0,2024-05-29,Morning,Action,Blockbuster,150.0,141.70103092783506,60.0,8.315,No,247.02702702702703,Family,Rainy,Weekend,201.70103092783506,Low (0-150),2024Q2,9000.0,0.29746997188857655,44.62049578328648,Low (Occupancy),1.646846846846847
Karnataka,42.0,2024-05-30,Morning,Drama,Blockbuster,150.0,141.70103092783506,100.0,8.315,Yes,247.02702702702703,Family,Normal,Weekend,241.70103092783506,Low (0-150),2024Q2,15000.0,0.4137342716997227,62.06014075495841,Medium (Occupancy),1.646846846846847
Karnataka,47.0,2024-05-31,Evening,Comedy,Non-Blockbuster,250.0,120.0,260.0,5.0,No,120.0,Family,Normal,Weekday,380.0,High (220+),2024Q2,65000.0,0.6842105263157895,171.05263157894737,Medium (Occupancy),0.48
Telangana,93.0,2024-06-01,Night,Drama,Blockbuster,202.3783783783784,141.70103092783506,128.51351351351352,8.315,Yes,247.02702702702703,Family,Rainy,Weekend,270.2145444413486,Medium (150-220),2024Q2,26008.356464572684,0.4755980614559702,96.2507644373596,Medium (Occupancy),1.220619658119658
Gujarat,80.0,2024-06-02,Evening,Action,Non-Blockbuster,120.0,120.0,100.0,5.0,Yes,250.0,Family,Hot,Weekday,220.0,Low (0-150),2024Q2,12000.0,0.45454545454545453,54.54545454545455,Medium (Occupancy),2.0833333333333335
Kerala,67.0,2024-06-03,Morning,Action,Blockbuster,180.0,141.70103092783506,128.51351351351352,2.0,No,247.02702702702703,Family,Hot,Weekend,270.2145444413486,Medium (150-220),2024Q2,23132.432432432433,0.4755980614559702,85.60765106207465,Medium (Occupancy),1.3723723723723724
Karnataka,52.0,2024-06-04,Afternoon,Thriller,Blockbuster,180.0,150.0,260.0,5.0,No,120.0,Family,Normal,Weekend,410.0,Medium (150-220),2024Q2,46800.0,0.6341463414634146,114.14634146341463,Medium (Occupancy),0.6666666666666666
Gujarat,45.0,2024-06-05,Evening,Comedy,Blockbuster,202.3783783783784,141.70103092783506,100.0,10.0,No,250.0,Family,Normal,Weekday,241.70103092783506,Medium (150-220),2024Q2,20237.83783783784,0.4137342716997227,83.7308709861493,Medium (Occupancy),1.235309829059829
Tamil Nadu,98.0,2024-06-06,Morning,Action,Non-Blockbuster,250.0,150.0,128.51351351351352,5.0,Yes,247.02702702702703,Family,Hot,Weekday,278.51351351351354,High (220+),2024Q2,32128.37837837838,0.46142649199417757,115.3566229985444,Medium (Occupancy),0.9881081081081081
Karnataka,25.0,2024-06-07,Morning,Thriller,Non-Blockbuster,300.0,141.70103092783506,128.51351351351352,8.315,Yes,120.0,Family,Normal,Weekend,270.2145444413486,High (220+),2024Q2,38554.05405405405,0.4755980614559702,142.67941843679105,Medium (Occupancy),0.4
Tamil Nadu,99.0,2024-06-08,Night,Thriller,Blockbuster,202.3783783783784,141.70103092783506,100.0,15.0,No,247.02702702702703,Individual,Hot,Weekday,241.70103092783506,Medium (150-220),2024Q2,20237.83783783784,0.4137342716997227,83.7308709861493,Medium (Occupancy),1.220619658119658
West Bengal,79.0,2024-06-09,Evening,Action,Non-Blockbuster,202.3783783783784,200.0,128.51351351351352,8.315,Yes,247.02702702702703,Individual,Hot,Weekday,328.51351351351354,Medium (150-220),2024Q2,26008.356464572684,0.3911970382558618,79.16982222864576,Low (Occupancy),1.220619658119658
Karnataka,29.0,2024-06-10,Night,Action,Blockbuster,120.0,80.0,260.0,2.0,No,247.02702702702703,Family,Hot,Weekend,340.0,Low (0-150),2024Q2,31200.0,0.7647058823529411,91.76470588235294,High (Occupancy),2.0585585585585586
Karnataka,99.0,2024-06-11,Morning,Action,Blockbuster,300.0,120.0,60.0,10.0,Yes,400.0,Family,Normal,Weekday,180.0,High (220+),2024Q2,18000.0,0.3333333333333333,100.0,Low (Occupancy),1.3333333333333333
Rajasthan,69.0,2024-06-12,Morning,Comedy,Blockbuster,300.0,200.0,260.0,2.0,Yes,120.0,Individual,Rainy,Weekend,460.0,High (220+),2024Q2,78000.0,0.5652173913043478,169.56521739130434,Medium (Occupancy),0.4
Kerala,46.0,2024-06-13,Night,Action,Non-Blockbuster,250.0,120.0,180.0,5.0,No,247.02702702702703,Individual,Hot,Weekend,300.0,High (220+),2024Q2,45000.0,0.6,150.0,Medium (Occupancy),0.9881081081081081
West Bengal,35.0,2024-06-14,Evening,Romance,Non-Blockbuster,300.0,150.0,180.0,2.0,Yes,247.02702702702703,Family,Normal,Weekday,330.0,High (220+),2024Q2,54000.0,0.5454545454545454,163.63636363636363,Medium (Occupancy),0.8234234234234235
Rajasthan,26.0,2024-06-15,Night,Comedy,Blockbuster,250.0,80.0,180.0,8.315,Yes,250.0,Individual,Rainy,Weekday,260.0,High (220+),2024Q2,45000.0,0.6923076923076923,173.07692307692307,Medium (Occupancy),1.0
Karnataka,6.0,2024-06-16,Night,Thriller,Non-Blockbuster,202.3783783783784,120.0,260.0,10.0,No,247.02702702702703,Family,Normal,Weekday,380.0,Medium (150-220),2024Q2,52618.37837837838,0.6842105263157895,138.46941678520628,Medium (Occupancy),1.220619658119658
Kerala,56.0,2024-06-17,Morning,Romance,Blockbuster,180.0,141.70103092783506,180.0,15.0,No,247.02702702702703,Family,Normal,Weekday,321.70103092783506,Medium (150-220),2024Q2,32400.0,0.5595257170325268,100.71462906585482,Medium (Occupancy),1.3723723723723724
Andhra Pradesh,14.0,2024-06-18,Night,Drama,Non-Blockbuster,202.3783783783784,150.0,128.51351351351352,8.315,No,120.0,Family,Rainy,Weekday,278.51351351351354,Medium (150-220),2024Q2,26008.356464572684,0.46142649199417757,93.38274519060545,Medium (Occupancy),0.592948717948718
West Bengal,83.0,2024-06-19,Afternoon,Drama,Non-Blockbuster,120.0,141.70103092783506,128.51351351351352,5.0,Yes,247.02702702702703,Individual,Hot,Weekday,270.2145444413486,Low (0-150),2024Q2,15421.621621621622,0.4755980614559702,57.07176737471643,Medium (Occupancy),2.0585585585585586
Gujarat,58.0,2024-06-20,Night,Drama,Blockbuster,202.3783783783784,120.0,60.0,2.0,Yes,400.0,Family,Hot,Weekend,180.0,Medium (150-220),2024Q2,12142.702702702703,0.3333333333333333,67.45945945945947,Low (Occupancy),1.9764957264957264
Delhi,95.0,2024-06-21,Evening,Drama,Blockbuster,300.0,120.0,260.0,10.0,No,247.02702702702703,Family,Normal,Weekday,380.0,High (220+),2024Q2,78000.0,0.6842105263157895,205.26315789473685,Medium (Occupancy),0.8234234234234235
Karnataka,80.0,2024-06-22,Afternoon,Comedy,Blockbuster,180.0,150.0,100.0,5.0,Yes,120.0,Family,Rainy,Weekday,250.0,Medium (150-220),2024Q2,18000.0,0.4,72.0,Low (Occupancy),0.6666666666666666
West Bengal,90.0,2024-06-23,Afternoon,Action,Non-Blockbuster,250.0,80.0,30.0,10.0,No,250.0,Family,Hot,Weekday,110.0,High (220+),2024Q2,7500.0,0.2727272727272727,68.18181818181819,Low (Occupancy),1.0
Telangana,84.0,2024-06-24,Morning,Drama,Blockbuster,120.0,141.70103092783506,100.0,5.0,No,247.02702702702703,Family,Hot,Weekday,241.70103092783506,Low (0-150),2024Q2,12000.0,0.4137342716997227,49.64811260396673,Medium (Occupancy),2.0585585585585586
Maharashtra,78.0,2024-06-25,Evening,Action,Blockbuster,300.0,141.70103092783506,100.0,15.0,No,247.02702702702703,Individual,Rainy,Weekday,241.70103092783506,High (220+),2024Q2,30000.0,0.4137342716997227,124.12028150991682,Medium (Occupancy),0.8234234234234235
Rajasthan,73.0,2024-06-26,Morning,Thriller,Non-Blockbuster,202.3783783783784,80.0,180.0,8.315,No,400.0,Family,Hot,Weekday,260.0,Medium (150-220),2024Q2,36428.10810810811,0.6923076923076923,140.1081081081081,Medium (Occupancy),1.9764957264957264
Tamil Nadu,14.0,2024-06-27,Morning,Drama,Blockbuster,202.3783783783784,200.0,128.51351351351352,15.0,No,120.0,Individual,Normal,Weekday,328.51351351351354,Medium (150-220),2024Q2,26008.356464572684,0.3911970382558618,79.16982222864576,Low (Occupancy),0.592948717948718
Gujarat,8.0,2024-06-28,Morning,Action,Blockbuster,120.0,120.0,60.0,10.0,No,400.0,Family,Hot,Weekend,180.0,Low (0-150),2024Q2,7200.0,0.3333333333333333,40.0,Low (Occupancy),3.3333333333333335
West Bengal,39.0,2024-06-29,Afternoon,Comedy,Blockbuster,250.0,120.0,100.0,15.0,Yes,250.0,Individual,Hot,Weekday,220.0,High (220+),2024Q2,25000.0,0.45454545454545453,113.63636363636364,Medium (Occupancy),1.0
West Bengal,52.0,2024-06-30,Night,Action,Blockbuster,150.0,141.70103092783506,100.0,8.315,No,400.0,Family,Hot,Weekend,241.70103092783506,Low (0-150),2024Q2,15000.0,0.4137342716997227,62.06014075495841,Medium (Occupancy),2.6666666666666665
Tamil Nadu,18.0,2024-07-01,Evening,Action,Non-Blockbuster,180.0,141.70103092783506,260.0,5.0,No,247.02702702702703,Family,Rainy,Weekend,401.70103092783506,Medium (150-220),2024Q3,46800.0,0.6472475298344668,116.50455537020403,Medium (Occupancy),1.3723723723723724
West Bengal,54.0,2024-07-02,Night,Thriller,Blockbuster,202.3783783783784,150.0,180.0,8.315,Yes,400.0,Family,Hot,Weekday,330.0,Medium (150-220),2024Q3,36428.10810810811,0.5454545454545454,110.38820638820638,Medium (Occupancy),1.9764957264957264
Maharashtra,23.0,2024-07-03,Afternoon,Romance,Blockbuster,150.0,80.0,100.0,8.315,No,247.02702702702703,Individual,Rainy,Weekday,180.0,Low (0-150),2024Q3,15000.0,0.5555555555555556,83.33333333333333,Medium (Occupancy),1.646846846846847
West Bengal,61.0,2024-07-04,Morning,Drama,Blockbuster,250.0,141.70103092783506,180.0,10.0,Yes,120.0,Individual,Hot,Weekday,321.70103092783506,High (220+),2024Q3,45000.0,0.5595257170325268,139.8814292581317,Medium (Occupancy),0.48
Andhra Pradesh,75.0,2024-07-05,Morning,Action,Blockbuster,202.3783783783784,141.70103092783506,100.0,10.0,No,250.0,Family,Hot,Weekend,241.70103092783506,Medium (150-220),2024Q3,20237.83783783784,0.4137342716997227,83.7308709861493,Medium (Occupancy),1.235309829059829
Rajasthan,67.0,2024-07-06,Morning,Action,Blockbuster,202.3783783783784,150.0,60.0,15.0,No,247.02702702702703,Family,Rainy,Weekday,210.0,Medium (150-220),2024Q3,12142.702702702703,0.2857142857142857,57.82239382239383,Low (Occupancy),1.220619658119658
West Bengal,70.0,2024-07-07,Night,Drama,Non-Blockbuster,180.0,141.70103092783506,30.0,2.0,No,120.0,Family,Normal,Weekday,171.70103092783506,Medium (150-220),2024Q3,5400.0,0.17472230561392973,31.450015010507354,Low (Occupancy),0.6666666666666666
Telangana,70.0,2024-07-08,Afternoon,Thriller,Non-Blockbuster,180.0,150.0,128.51351351351352,8.315,No,247.02702702702703,Individual,Normal,Weekend,278.51351351351354,Medium (150-220),2024Q3,23132.432432432433,0.46142649199417757,83.05676855895196,Medium (Occupancy),1.3723723723723724
Delhi,68.0,2024-07-09,Morning,Romance,Blockbuster,180.0,141.70103092783506,128.51351351351352,15.0,Yes,247.02702702702703,Individual,Rainy,Weekend,270.2145444413486,Medium (150-220),2024Q3,23132.432432432433,0.4755980614559702,85.60765106207465,Medium (Occupancy),1.3723723723723724
Karnataka,9.0,2024-07-10,Morning,Drama,Non-Blockbuster,202.3783783783784,141.70103092783506,60.0,5.0,No,400.0,Family,Normal,Weekday,201.70103092783506,Medium (150-220),2024Q3,12142.702702702703,0.29746997188857655,60.201490527071925,Low (Occupancy),1.9764957264957264
Kerala,81.0,2024-07-11,Morning,Action,Blockbuster,180.0,141.70103092783506,180.0,10.0,No,247.02702702702703,Family,Rainy,Weekday,321.70103092783506,Medium (150-220),2024Q3,32400.0,0.5595257170325268,100.71462906585482,Medium (Occupancy),1.3723723723723724
Kerala,66.0,2024-07-12,Night,Romance,Blockbuster,180.0,120.0,30.0,8.315,Yes,247.02702702702703,Family,Normal,Weekend,150.0,Medium (150-220),2024Q3,5400.0,0.2,36.0,Low (Occupancy),1.3723723723723724
Andhra Pradesh,4.0,2024-07-13,Morning,Thriller,Blockbuster,120.0,141.70103092783506,100.0,15.0,No,247.02702702702703,Family,Rainy,Weekday,241.70103092783506,Low (0-150),2024Q3,12000.0,0.4137342716997227,49.64811260396673,Medium (Occupancy),2.0585585585585586
Gujarat,89.0,2024-07-14,Evening,Romance,Blockbuster,120.0,150.0,100.0,5.0,No,247.02702702702703,Family,Hot,Weekday,250.0,Low (0-150),2024Q3,12000.0,0.4,48.0,Low (Occupancy),2.0585585585585586
West Bengal,64.0,2024-07-15,Night,Romance,Blockbuster,300.0,141.70103092783506,60.0,15.0,No,400.0,Family,Hot,Weekday,201.70103092783506,High (220+),2024Q3,18000.0,0.29746997188857655,89.24099156657296,Low (Occupancy),1.3333333333333333
Delhi,55.0,2024-07-16,Afternoon,Thriller,Blockbuster,300.0,141.70103092783506,100.0,8.315,No,247.02702702702703,Family,Hot,Weekday,241.70103092783506,High (220+),2024Q3,30000.0,0.4137342716997227,124.12028150991682,Medium (Occupancy),0.8234234234234235
Maharashtra,5.0,2024-07-17,Night,Romance,Non-Blockbuster,202.3783783783784,200.0,60.0,2.0,Yes,247.02702702702703,Family,Hot,Weekday,260.0,Medium (150-220),2024Q3,12142.702702702703,0.23076923076923078,46.70270270270271,Low (Occupancy),1.220619658119658
Delhi,67.0,2024-07-18,Evening,Action,Blockbuster,180.0,141.70103092783506,60.0,15.0,Yes,247.02702702702703,Family,Hot,Weekday,201.70103092783506,Medium (150-220),2024Q3,10800.0,0.29746997188857655,53.54459493994377,Low (Occupancy),1.3723723723723724
Maharashtra,56.0,2024-07-19,Night,Action,Non-Blockbuster,300.0,200.0,60.0,10.0,No,247.02702702702703,Family,Rainy,Weekday,260.0,High (220+),2024Q3,18000.0,0.23076923076923078,69.23076923076923,Low (Occupancy),0.8234234234234235
Delhi,64.0,2024-07-20,Evening,Romance,Non-Blockbuster,120.0,141.70103092783506,30.0,15.0,Yes,247.02702702702703,Individual,Hot,Weekday,171.70103092783506,Low (0-150),2024Q3,3600.0,0.17472230561392973,20.966676673671568,Low (Occupancy),2.0585585585585586
Maharashtra,76.0,2024-07-21,Evening,Action,Blockbuster,202.3783783783784,141.70103092783506,180.0,5.0,No,400.0,Family,Hot,Weekday,321.70103092783506,Medium (150-220),2024Q3,36428.10810810811,0.5595257170325268,113.23590727404218,Medium (Occupancy),1.9764957264957264
Andhra Pradesh,20.0,2024-07-22,Morning,Drama,Blockbuster,120.0,120.0,260.0,2.0,No,400.0,Family,Hot,Weekend,380.0,Low (0-150),2024Q3,31200.0,0.6842105263157895,82.10526315789474,Medium (Occupancy),3.3333333333333335
Gujarat,39.0,2024-07-23,Evening,Action,Blockbuster,202.3783783783784,141.70103092783506,260.0,15.0,No,120.0,Individual,Normal,Weekend,401.70103092783506,Medium (150-220),2024Q3,52618.37837837838,0.6472475298344668,130.98890549731047,Medium (Occupancy),0.592948717948718
Tamil Nadu,12.0,2024-07-24,Evening,Action,Non-Blockbuster,250.0,80.0,180.0,8.315,No,247.02702702702703,Individual,Rainy,Weekend,260.0,High (220+),2024Q3,45000.0,0.6923076923076923,173.07692307692307,Medium (Occupancy),0.9881081081081081
Andhra Pradesh,53.0,2024-07-25,Morning,Drama,Non-Blockbuster,180.0,120.0,260.0,10.0,No,247.02702702702703,Family,Hot,Weekday,380.0,Medium (150-220),2024Q3,46800.0,0.6842105263157895,123.15789473684211,Medium (Occupancy),1.3723723723723724
Telangana,23.0,2024-07-26,Evening,Action,Blockbuster,180.0,120.0,128.51351351351352,15.0,Yes,247.02702702702703,Family,Normal,Weekend,248.51351351351352,Medium (150-220),2024Q3,23132.432432432433,0.5171288743882545,93.08319738988581,Medium (Occupancy),1.3723723723723724
Maharashtra,100.0,2024-07-27,Morning,Drama,Blockbuster,150.0,200.0,128.51351351351352,15.0,No,250.0,Individual,Hot,Weekday,328.51351351351354,Low (0-150),2024Q3,19277.027027027027,0.3911970382558618,58.679555738379264,Low (Occupancy),1.6666666666666667
Andhra Pradesh,36.0,2024-07-28,Night,Drama,Blockbuster,250.0,200.0,30.0,8.315,No,120.0,Family,Hot,Weekday,230.0,High (220+),2024Q3,7500.0,0.13043478260869565,32.608695652173914,Low (Occupancy),0.48
West Bengal,32.0,2024-07-29,Morning,Comedy,Blockbuster,120.0,200.0,128.51351351351352,10.0,No,120.0,Family,Rainy,Weekday,328.51351351351354,Low (0-150),2024Q3,15421.621621621622,0.3911970382558618,46.94364459070341,Low (Occupancy),1.0
Telangana,75.0,2024-07-30,Evening,Drama,Non-Blockbuster,250.0,80.0,60.0,8.315,Yes,120.0,Family,Hot,Weekday,140.0,High (220+),2024Q3,15000.0,0.42857142857142855,107.14285714285714,Medium (Occupancy),0.48
Telangana,86.0,2024-07-31,Afternoon,Action,Blockbuster,202.3783783783784,141.70103092783506,180.0,2.0,No,247.02702702702703,Individual,Rainy,Weekday,321.70103092783506,Medium (150-220),2024Q3,36428.10810810811,0.5595257170325268,113.23590727404218,Medium (Occupancy),1.220619658119658
Telangana,63.0,2024-08-01,Evening,Action,Non-Blockbuster,250.0,141.70103092783506,260.0,15.0,Yes,247.02702702702703,Family,Rainy,Weekday,401.70103092783506,High (220+),2024Q3,65000.0,0.6472475298344668,161.8118824586167,Medium (Occupancy),0.9881081081081081
Gujarat,29.0,2024-08-02,Night,Romance,Blockbuster,250.0,120.0,128.51351351351352,8.315,No,247.02702702702703,Family,Hot,Weekend,248.51351351351352,High (220+),2024Q3,32128.37837837838,0.5171288743882545,129.28221859706363,Medium (Occupancy),0.9881081081081081
West Bengal,34.0,2024-08-03,Morning,Drama,Non-Blockbuster,180.0,200.0,128.51351351351352,2.0,No,247.02702702702703,Family,Rainy,Weekend,328.51351351351354,Medium (150-220),2024Q3,23132.432432432433,0.3911970382558618,70.41546688605511,Low (Occupancy),1.3723723723723724
Rajasthan,15.0,2024-08-04,Afternoon,Romance,Non-Blockbuster,180.0,141.70103092783506,260.0,8.315,No,247.02702702702703,Family,Rainy,Weekend,401.70103092783506,Medium (150-220),2024Q3,46800.0,0.6472475298344668,116.50455537020403,Medium (Occupancy),1.3723723723723724
Gujarat,18.0,2024-08-05,Morning,Comedy,Blockbuster,250.0,200.0,100.0,10.0,No,247.02702702702703,Family,Rainy,Weekday,300.0,High (220+),2024Q3,25000.0,0.3333333333333333,83.33333333333333,Low (Occupancy),0.9881081081081081
Karnataka,97.0,2024-08-06,Afternoon,Action,Blockbuster,300.0,80.0,60.0,15.0,No,247.02702702702703,Family,Normal,Weekday,140.0,High (220+),2024Q3,18000.0,0.42857142857142855,128.57142857142858,Medium (Occupancy),0.8234234234234235
Kerala,46.0,2024-08-07,Morning,Action,Blockbuster,150.0,80.0,100.0,5.0,No,247.02702702702703,Family,Hot,Weekend,180.0,Low (0-150),2024Q3,15000.0,0.5555555555555556,83.33333333333333,Medium (Occupancy),1.646846846846847
Kerala,2.0,2024-08-08,Morning,Comedy,Blockbuster,300.0,200.0,60.0,8.315,Yes,400.0,Individual,Normal,Weekday,260.0,High (220+),2024Q3,18000.0,0.23076923076923078,69.23076923076923,Low (Occupancy),1.3333333333333333
Tamil Nadu,13.0,2024-08-09,Evening,Action,Blockbuster,202.3783783783784,141.70103092783506,260.0,8.315,No,120.0,Family,Rainy,Weekend,401.70103092783506,Medium (150-220),2024Q3,52618.37837837838,0.6472475298344668,130.98890549731047,Medium (Occupancy),0.592948717948718
Tamil Nadu,28.0,2024-08-10,Morning,Action,Non-Blockbuster,202.3783783783784,141.70103092783506,60.0,8.315,Yes,247.02702702702703,Individual,Hot,Weekday,201.70103092783506,Medium (150-220),2024Q3,12142.702702702703,0.29746997188857655,60.201490527071925,Low (Occupancy),1.220619658119658
Karnataka,90.0,2024-08-11,Evening,Drama,Blockbuster,202.3783783783784,141.70103092783506,100.0,2.0,Yes,247.02702702702703,Family,Hot,Weekday,241.70103092783506,Medium (150-220),2024Q3,20237.83783783784,0.4137342716997227,83.7308709861493,Medium (Occupancy),1.220619658119658
Telangana,18.0,2024-08-12,Night,Comedy,Blockbuster,180.0,141.70103092783506,100.0,10.0,Yes,247.02702702702703,Individual,Hot,Weekday,241.70103092783506,Medium (150-220),2024Q3,18000.0,0.4137342716997227,74.4721689059501,Medium (Occupancy),1.3723723723723724
West Bengal,6.0,2024-08-13,Morning,Action,Non-Blockbuster,202.3783783783784,141.70103092783506,180.0,15.0,No,250.0,Family,Hot,Weekday,321.70103092783506,Medium (150-220),2024Q3,36428.10810810811,0.5595257170325268,113.23590727404218,Medium (Occupancy),1.235309829059829
West Bengal,19.0,2024-08-14,Morning,Thriller,Non-Blockbuster,202.3783783783784,150.0,128.51351351351352,8.315,No,120.0,Individual,Hot,Weekday,278.51351351351354,Medium (150-220),2024Q3,26008.356464572684,0.46142649199417757,93.38274519060545,Medium (Occupancy),0.592948717948718
Telangana,50.0,2024-08-15,Afternoon,Romance,Non-Blockbuster,202.3783783783784,141.70103092783506,100.0,2.0,No,247.02702702702703,Family,Hot,Weekday,241.70103092783506,Medium (150-220),2024Q3,20237.83783783784,0.4137342716997227,83.7308709861493,Medium (Occupancy),1.220619658119658
Karnataka,72.0,2024-08-16,Afternoon,Drama,Blockbuster,250.0,141.70103092783506,60.0,8.315,No,400.0,Family,Hot,Weekend,201.70103092783506,High (220+),2024Q3,15000.0,0.29746997188857655,74.36749297214413,Low (Occupancy),1.6
Karnataka,17.0,2024-08-17,Night,Romance,Blockbuster,202.3783783783784,200.0,30.0,10.0,No,400.0,Family,Rainy,Weekday,230.0,Medium (150-220),2024Q3,6071.351351351352,0.13043478260869565,26.397179788484138,Low (Occupancy),1.9764957264957264
Gujarat,98.0,2024-08-18,Evening,Drama,Blockbuster,180.0,200.0,180.0,5.0,No,247.02702702702703,Individual,Normal,Weekend,380.0,Medium (150-220),2024Q3,32400.0,0.47368421052631576,85.26315789473684,Medium (Occupancy),1.3723723723723724
Kerala,15.0,2024-08-19,Evening,Action,Blockbuster,202.3783783783784,120.0,128.51351351351352,15.0,Yes,120.0,Individual,Normal,Weekday,248.51351351351352,Medium (150-220),2024Q3,26008.356464572684,0.5171288743882545,104.65570301133108,Medium (Occupancy),0.592948717948718
Maharashtra,2.0,2024-08-20,Night,Comedy,Blockbuster,202.3783783783784,120.0,128.51351351351352,15.0,No,120.0,Family,Normal,Weekend,248.51351351351352,Medium (150-220),2024Q3,26008.356464572684,0.5171288743882545,104.65570301133108,Medium (Occupancy),0.592948717948718
Karnataka,69.0,2024-08-21,Night,Action,Blockbuster,300.0,120.0,30.0,15.0,No,247.02702702702703,Family,Normal,Weekend,150.0,High (220+),2024Q3,9000.0,0.2,60.0,Low (Occupancy),0.8234234234234235
Delhi,77.0,2024-08-22,Afternoon,Action,Blockbuster,250.0,141.70103092783506,180.0,10.0,No,400.0,Individual,Hot,Weekday,321.70103092783506,High (220+),2024Q3,45000.0,0.5595257170325268,139.8814292581317,Medium (Occupancy),1.6
Rajasthan,3.0,2024-08-23,Morning,Thriller,Non-Blockbuster,250.0,141.70103092783506,100.0,2.0,No,247.02702702702703,Family,Rainy,Weekday,241.70103092783506,High (220+),2024Q3,25000.0,0.4137342716997227,103.43356792493068,Medium (Occupancy),0.9881081081081081
West Bengal,34.0,2024-08-24,Night,Drama,Blockbuster,180.0,200.0,260.0,15.0,Yes,247.02702702702703,Family,Normal,Weekday,460.0,Medium (150-220),2024Q3,46800.0,0.5652173913043478,101.73913043478261,Medium (Occupancy),1.3723723723723724
Telangana,86.0,2024-08-25,Night,Drama,Blockbuster,202.3783783783784,80.0,128.51351351351352,2.0,No,247.02702702702703,Individual,Hot,Weekday,208.51351351351352,Medium (150-220),2024Q3,26008.356464572684,0.6163318211276734,124.73223450281131,Medium (Occupancy),1.220619658119658
Kerala,66.0,2024-08-26,Afternoon,Action,Blockbuster,202.3783783783784,200.0,260.0,10.0,No,120.0,Family,Hot,Weekday,460.0,Medium (150-220),2024Q3,52618.37837837838,0.5652173913043478,114.38777908343125,Medium (Occupancy),0.592948717948718
Telangana,72.0,2024-08-27,Afternoon,Drama,Blockbuster,150.0,120.0,260.0,15.0,No,247.02702702702703,Family,Hot,Weekday,380.0,Low (0-150),2024Q3,39000.0,0.6842105263157895,102.63157894736842,Medium (Occupancy),1.646846846846847
Gujarat,32.0,2024-08-28,Morning,Thriller,Blockbuster,202.3783783783784,80.0,100.0,8.315,Yes,250.0,Individual,Normal,Weekend,180.0,Medium (150-220),2024Q3,20237.83783783784,0.5555555555555556,112.43243243243245,Medium (Occupancy),1.235309829059829
Delhi,69.0,2024-08-29,Afternoon,Action,Non-Blockbuster,150.0,141.70103092783506,100.0,2.0,No,120.0,Family,Normal,Weekend,241.70103092783506,Low (0-150),2024Q3,15000.0,0.4137342716997227,62.06014075495841,Medium (Occupancy),0.8
Maharashtra,21.0,2024-08-30,Evening,Comedy,Blockbuster,120.0,150.0,128.51351351351352,8.315,No,247.02702702702703,Individual,Normal,Weekday,278.51351351351354,Low (0-150),2024Q3,15421.621621621622,0.46142649199417757,55.3711790393013,Medium (Occupancy),2.0585585585585586
Tamil Nadu,81.0,2024-08-31,Evening,Comedy,Blockbuster,250.0,141.70103092783506,100.0,5.0,No,247.02702702702703,Individual,Normal,Weekend,241.70103092783506,High (220+),2024Q3,25000.0,0.4137342716997227,103.43356792493068,Medium (Occupancy),0.9881081081081081
Telangana,23.0,2024-09-01,Evening,Action,Blockbuster,180.0,141.70103092783506,128.51351351351352,2.0,No,247.02702702702703,Individual,Hot,Weekday,270.2145444413486,Medium (150-220),2024Q3,23132.432432432433,0.4755980614559702,85.60765106207465,Medium (Occupancy),1.3723723723723724
Rajasthan,58.0,2024-09-02,Evening,Action,Blockbuster,202.3783783783784,200.0,60.0,8.315,No,247.02702702702703,Family,Normal,Weekday,260.0,Medium (150-220),2024Q3,12142.702702702703,0.23076923076923078,46.70270270270271,Low (Occupancy),1.220619658119658
Rajasthan,17.0,2024-09-03,Afternoon,Romance,Blockbuster,202.3783783783784,141.70103092783506,128.51351351351352,15.0,No,247.02702702702703,Individual,Normal,Weekday,270.2145444413486,Medium (150-220),2024Q3,26008.356464572684,0.4755980614559702,96.2507644373596,Medium (Occupancy),1.220619658119658
West Bengal,97.0,2024-09-04,Night,Action,Blockbuster,202.3783783783784,200.0,128.51351351351352,2.0,No,247.02702702702703,Family,Hot,Weekday,328.51351351351354,Medium (150-220),2024Q3,26008.356464572684,0.3911970382558618,79.16982222864576,Low (Occupancy),1.220619658119658
Rajasthan,69.0,2024-09-05,Morning,Action,Blockbuster,250.0,200.0,128.51351351351352,15.0,No,247.02702702702703,Family,Normal,Weekday,328.51351351351354,High (220+),2024Q3,32128.37837837838,0.3911970382558618,97.79925956396545,Low (Occupancy),0.9881081081081081
Telangana,91.0,2024-09-06,Evening,Comedy,Blockbuster,250.0,141.70103092783506,60.0,2.0,No,247.02702702702703,Family,Rainy,Weekday,201.70103092783506,High (220+),2024Q3,15000.0,0.29746997188857655,74.36749297214413,Low (Occupancy),0.9881081081081081
Rajasthan,51.0,2024-09-07,Morning,Action,Blockbuster,202.3783783783784,141.70103092783506,260.0,2.0,No,250.0,Family,Normal,Weekday,401.70103092783506,Medium (150-220),2024Q3,52618.37837837838,0.6472475298344668,130.98890549731047,Medium (Occupancy),1.235309829059829
Telangana,32.0,2024-09-08,Afternoon,Action,Blockbuster,202.3783783783784,141.70103092783506,128.51351351351352,8.315,No,250.0,Individual,Hot,Weekday,270.2145444413486,Medium (150-220),2024Q3,26008.356464572684,0.4755980614559702,96.2507644373596,Medium (Occupancy),1.235309829059829
West Bengal,72.0,2024-09-09,Night,Comedy,Blockbuster,180.0,200.0,128.51351351351352,5.0,No,247.02702702702703,Family,Hot,Weekend,328.51351351351354,Medium (150-220),2024Q3,23132.432432432433,0.3911970382558618,70.41546688605511,Low (Occupancy),1.3723723723723724
West Bengal,82.0,2024-09-10,Morning,Comedy,Blockbuster,250.0,80.0,30.0,2.0,No,250.0,Family,Hot,Weekend,110.0,High (220+),2024Q3,7500.0,0.2727272727272727,68.18181818181819,Low (Occupancy),1.0
Rajasthan,58.0,2024-09-11,Morning,Drama,Blockbuster,150.0,141.70103092783506,180.0,15.0,Yes,120.0,Individual,Hot,Weekday,321.70103092783506,Low (0-150),2024Q3,27000.0,0.5595257170325268,83.92885755487902,Medium (Occupancy),0.8
West Bengal,51.0,2024-09-12,Morning,Drama,Blockbuster,202.3783783783784,200.0,128.51351351351352,5.0,Yes,247.02702702702703,Family,Rainy,Weekday,328.51351351351354,Medium (150-220),2024Q3,26008.356464572684,0.3911970382558618,79.16982222864576,Low (Occupancy),1.220619658119658
Rajasthan,87.0,2024-09-13,Morning,Drama,Blockbuster,202.3783783783784,150.0,100.0,8.315,No,247.02702702702703,Individual,Hot,Weekday,250.0,Medium (150-220),2024Q3,20237.83783783784,0.4,80.95135135135136,Low (Occupancy),1.220619658119658
West Bengal,15.0,2024-09-14,Morning,Drama,Blockbuster,180.0,141.70103092783506,128.51351351351352,8.315,No,247.02702702702703,Family,Hot,Weekday,270.2145444413486,Medium (150-220),2024Q3,23132.432432432433,0.4755980614559702,85.60765106207465,Medium (Occupancy),1.3723723723723724
Rajasthan,75.0,2024-09-15,Night,Comedy,Non-Blockbuster,202.3783783783784,80.0,128.51351351351352,8.315,No,247.02702702702703,Individual,Rainy,Weekend,208.51351351351352,Medium (150-220),2024Q3,26008.356464572684,0.6163318211276734,124.73223450281131,Medium (Occupancy),1.220619658119658
Telangana,90.0,2024-09-16,Afternoon,Drama,Non-Blockbuster,202.3783783783784,150.0,128.51351351351352,10.0,Yes,250.0,Family,Normal,Weekday,278.51351351351354,Medium (150-220),2024Q3,26008.356464572684,0.46142649199417757,93.38274519060545,Medium (Occupancy),1.235309829059829
West Bengal,26.0,2024-09-17,Afternoon,Comedy,Non-Blockbuster,250.0,120.0,60.0,5.0,No,247.02702702702703,Family,Hot,Weekday,180.0,High (220+),2024Q3,15000.0,0.3333333333333333,83.33333333333333,Low (Occupancy),0.9881081081081081
Gujarat,18.0,2024-09-18,Morning,Action,Blockbuster,202.3783783783784,150.0,30.0,8.315,No,247.02702702702703,Individual,Normal,Weekday,180.0,Medium (150-220),2024Q3,6071.351351351352,0.16666666666666666,33.72972972972973,Low (Occupancy),1.220619658119658
Rajasthan,21.0,2024-09-19,Afternoon,Romance,Blockbuster,250.0,200.0,100.0,5.0,No,250.0,Family,Hot,Weekday,300.0,High (220+),2024Q3,25000.0,0.3333333333333333,83.33333333333333,Low (Occupancy),1.0
Telangana,4.0,2024-09-20,Morning,Drama,Blockbuster,202.3783783783784,200.0,260.0,15.0,No,400.0,Family,Hot,Weekday,460.0,Medium (150-220),2024Q3,52618.37837837838,0.5652173913043478,114.38777908343125,Medium (Occupancy),1.9764957264957264
Kerala,95.0,2024-09-21,Afternoon,Thriller,Blockbuster,120.0,80.0,128.51351351351352,15.0,No,250.0,Family,Hot,Weekday,208.51351351351352,Low (0-150),2024Q3,15421.621621621622,0.6163318211276734,73.9598185353208,Medium (Occupancy),2.0833333333333335
Delhi,79.0,2024-09-22,Afternoon,Action,Blockbuster,202.3783783783784,80.0,260.0,2.0,Yes,250.0,Family,Rainy,Weekday,340.0,Medium (150-220),2024Q3,52618.37837837838,0.7647058823529411,154.75993640699522,High (Occupancy),1.235309829059829
Karnataka,85.0,2024-09-23,Morning,Action,Blockbuster,180.0,80.0,128.51351351351352,10.0,No,247.02702702702703,Family,Hot,Weekend,208.51351351351352,Medium (150-220),2024Q3,23132.432432432433,0.6163318211276734,110.93972780298121,Medium (Occupancy),1.3723723723723724
Maharashtra,93.0,2024-09-24,Morning,Action,Non-Blockbuster,202.3783783783784,200.0,60.0,2.0,No,120.0,Family,Hot,Weekday,260.0,Medium (150-220),2024Q3,12142.702702702703,0.23076923076923078,46.70270270270271,Low (Occupancy),0.592948717948718
Gujarat,64.0,2024-09-25,Night,Action,Non-Blockbuster,180.0,80.0,100.0,15.0,Yes,247.02702702702703,Family,Rainy,Weekend,180.0,Medium (150-220),2024Q3,18000.0,0.5555555555555556,100.0,Medium (Occupancy),1.3723723723723724
West Bengal,15.0,2024-09-26,Morning,Drama,Non-Blockbuster,250.0,141.70103092783506,30.0,2.0,Yes,120.0,Family,Normal,Weekday,171.70103092783506,High (220+),2024Q3,7500.0,0.17472230561392973,43.68057640348243,Low (Occupancy),0.48
West Bengal,94.0,2024-09-27,Morning,Thriller,Blockbuster,150.0,150.0,260.0,5.0,No,247.02702702702703,Family,Normal,Weekday,410.0,Low (0-150),2024Q3,39000.0,0.6341463414634146,95.1219512195122,Medium (Occupancy),1.646846846846847
Rajasthan,45.0,2024-09-28,Afternoon,Thriller,Non-Blockbuster,202.3783783783784,150.0,60.0,5.0,No,247.02702702702703,Family,Hot,Weekend,210.0,Medium (150-220),2024Q3,12142.702702702703,0.2857142857142857,57.82239382239383,Low (Occupancy),1.220619658119658
Andhra Pradesh,15.0,2024-09-29,Afternoon,Action,Blockbuster,202.3783783783784,141.70103092783506,30.0,8.315,Yes,250.0,Family,Hot,Weekend,171.70103092783506,Medium (150-220),2024Q3,6071.351351351352,0.17472230561392973,35.36001687667854,Low (Occupancy),1.235309829059829
Maharashtra,26.0,2024-09-30,Evening,Thriller,Non-Blockbuster,250.0,141.70103092783506,60.0,8.315,No,247.02702702702703,Individual,Hot,Weekday,201.70103092783506,High (220+),2024Q3,15000.0,0.29746997188857655,74.36749297214413,Low (Occupancy),0.9881081081081081
Telangana,31.0,2024-10-01,Afternoon,Romance,Blockbuster,250.0,200.0,30.0,2.0,Yes,250.0,Individual,Normal,Weekday,230.0,High (220+),2024Q4,7500.0,0.13043478260869565,32.608695652173914,Low (Occupancy),1.0
Andhra Pradesh,59.0,2024-10-02,Night,Action,Non-Blockbuster,202.3783783783784,150.0,30.0,5.0,No,247.02702702702703,Individual,Normal,Weekday,180.0,Medium (150-220),2024Q4,6071.351351351352,0.16666666666666666,33.72972972972973,Low (Occupancy),1.220619658119658
Kerala,88.0,2024-10-03,Morning,Drama,Blockbuster,202.3783783783784,141.70103092783506,30.0,2.0,No,247.02702702702703,Family,Rainy,Weekend,171.70103092783506,Medium (150-220),2024Q4,6071.351351351352,0.17472230561392973,35.36001687667854,Low (Occupancy),1.220619658119658
West Bengal,48.0,2024-10-04,Morning,Thriller,Blockbuster,250.0,120.0,60.0,15.0,Yes,247.02702702702703,Family,Hot,Weekday,180.0,High (220+),2024Q4,15000.0,0.3333333333333333,83.33333333333333,Low (Occupancy),0.9881081081081081
Karnataka,86.0,2024-10-05,Morning,Romance,Blockbuster,202.3783783783784,141.70103092783506,180.0,8.315,No,247.02702702702703,Family,Hot,Weekday,321.70103092783506,Medium (150-220),2024Q4,36428.10810810811,0.5595257170325268,113.23590727404218,Medium (Occupancy),1.220619658119658
Delhi,88.0,2024-10-06,Morning,Action,Blockbuster,120.0,200.0,128.51351351351352,8.315,No,120.0,Family,Hot,Weekday,328.51351351351354,Low (0-150),2024Q4,15421.621621621622,0.3911970382558618,46.94364459070341,Low (Occupancy),1.0
Rajasthan,37.0,2024-10-07,Morning,Comedy,Blockbuster,120.0,120.0,30.0,10.0,Yes,250.0,Family,Hot,Weekend,150.0,Low (0-150),2024Q4,3600.0,0.2,24.0,Low (Occupancy),2.0833333333333335
West Bengal,11.0,2024-10-08,Morning,Action,Blockbuster,300.0,141.70103092783506,180.0,10.0,Yes,247.02702702702703,Individual,Hot,Weekday,321.70103092783506,High (220+),2024Q4,54000.0,0.5595257170325268,167.85771510975803,Medium (Occupancy),0.8234234234234235
Delhi,8.0,2024-10-09,Night,Drama,Blockbuster,202.3783783783784,80.0,260.0,8.315,No,247.02702702702703,Family,Rainy,Weekday,340.0,Medium (150-220),2024Q4,52618.37837837838,0.7647058823529411,154.75993640699522,High (Occupancy),1.220619658119658
West Bengal,75.0,2024-10-10,Morning,Thriller,Non-Blockbuster,250.0,80.0,260.0,8.315,Yes,247.02702702702703,Family,Normal,Weekend,340.0,High (220+),2024Q4,65000.0,0.7647058823529411,191.1764705882353,High (Occupancy),0.9881081081081081
Tamil Nadu,15.0,2024-10-11,Morning,Action,Blockbuster,180.0,120.0,180.0,5.0,No,247.02702702702703,Family,Rainy,Weekend,300.0,Medium (150-220),2024Q4,32400.0,0.6,108.0,Medium (Occupancy),1.3723723723723724
Delhi,66.0,2024-10-12,Evening,Comedy,Blockbuster,150.0,141.70103092783506,100.0,8.315,No,250.0,Family,Normal,Weekday,241.70103092783506,Low (0-150),2024Q4,15000.0,0.4137342716997227,62.06014075495841,Medium (Occupancy),1.6666666666666667
West Bengal,34.0,2024-10-13,Morning,Thriller,Blockbuster,202.3783783783784,200.0,60.0,8.315,No,250.0,Individual,Rainy,Weekend,260.0,Medium (150-220),2024Q4,12142.702702702703,0.23076923076923078,46.70270270270271,Low (Occupancy),1.235309829059829
Telangana,52.0,2024-10-14,Evening,Action,Non-Blockbuster,202.3783783783784,200.0,260.0,8.315,No,400.0,Family,Rainy,Weekday,460.0,Medium (150-220),2024Q4,52618.37837837838,0.5652173913043478,114.38777908343125,Medium (Occupancy),1.9764957264957264
Telangana,58.0,2024-10-15,Night,Comedy,Non-Blockbuster,202.3783783783784,141.70103092783506,60.0,8.315,No,247.02702702702703,Individual,Hot,Weekday,201.70103092783506,Medium (150-220),2024Q4,12142.702702702703,0.29746997188857655,60.201490527071925,Low (Occupancy),1.220619658119658
Tamil Nadu,52.0,2024-10-16,Morning,Action,Non-Blockbuster,180.0,141.70103092783506,30.0,5.0,No,400.0,Individual,Normal,Weekend,171.70103092783506,Medium (150-220),2024Q4,5400.0,0.17472230561392973,31.450015010507354,Low (Occupancy),2.2222222222222223
Gujarat,29.0,2024-10-17,Morning,Action,Blockbuster,300.0,200.0,260.0,8.315,No,247.02702702702703,Family,Normal,Weekend,460.0,High (220+),2024Q4,78000.0,0.5652173913043478,169.56521739130434,Medium (Occupancy),0.8234234234234235
Maharashtra,60.0,2024-10-18,Night,Comedy,Blockbuster,150.0,120.0,128.51351351351352,10.0,No,250.0,Individual,Hot,Weekday,248.51351351351352,Low (0-150),2024Q4,19277.027027027027,0.5171288743882545,77.56933115823817,Medium (Occupancy),1.6666666666666667
Rajasthan,78.0,2024-10-19,Night,Drama,Blockbuster,202.3783783783784,80.0,100.0,8.315,Yes,400.0,Family,Rainy,Weekend,180.0,Medium (150-220),2024Q4,20237.83783783784,0.5555555555555556,112.43243243243245,Medium (Occupancy),1.9764957264957264
Tamil Nadu,68.0,2024-10-20,Night,Action,Blockbuster,300.0,120.0,128.51351351351352,2.0,Yes,250.0,Family,Hot,Weekend,248.51351351351352,High (220+),2024Q4,38554.05405405405,0.5171288743882545,155.13866231647634,Medium (Occupancy),0.8333333333333334
Tamil Nadu,88.0,2024-10-21,Night,Drama,Blockbuster,202.3783783783784,120.0,180.0,15.0,Yes,250.0,Individual,Hot,Weekday,300.0,Medium (150-220),2024Q4,36428.10810810811,0.6,121.42702702702702,Medium (Occupancy),1.235309829059829
Rajasthan,40.0,2024-10-22,Morning,Action,Blockbuster,150.0,150.0,180.0,8.315,Yes,120.0,Family,Hot,Weekday,330.0,Low (0-150),2024Q4,27000.0,0.5454545454545454,81.81818181818181,Medium (Occupancy),0.8
Tamil Nadu,85.0,2024-10-23,Night,Action,Blockbuster,150.0,141.70103092783506,60.0,2.0,No,247.02702702702703,Family,Normal,Weekend,201.70103092783506,Low (0-150),2024Q4,9000.0,0.29746997188857655,44.62049578328648,Low (Occupancy),1.646846846846847
Kerala,23.0,2024-10-24,Morning,Drama,Non-Blockbuster,202.3783783783784,141.70103092783506,60.0,8.315,No,400.0,Family,Normal,Weekday,201.70103092783506,Medium (150-220),2024Q4,12142.702702702703,0.29746997188857655,60.201490527071925,Low (Occupancy),1.9764957264957264
Gujarat,100.0,2024-10-25,Morning,Action,Non-Blockbuster,120.0,141.70103092783506,180.0,8.315,No,247.02702702702703,Individual,Normal,Weekday,321.70103092783506,Low (0-150),2024Q4,21600.0,0.5595257170325268,67.14308604390322,Medium (Occupancy),2.0585585585585586
Tamil Nadu,30.0,2024-10-26,Night,Comedy,Non-Blockbuster,250.0,80.0,60.0,2.0,Yes,247.02702702702703,Family,Normal,Weekend,140.0,High (220+),2024Q4,15000.0,0.42857142857142855,107.14285714285714,Medium (Occupancy),0.9881081081081081
